﻿<MsInfo>
	<Usb Desc="Alcatel Mobile Phones">
		<Vid>0E8D</Vid>
		<Vid>1BBB</Vid>
		<!-- 要么给<PidAny/>，要么给一个或多个<Pid></Pid> -->
		<PidAny/>
		<!-- 是否为USB复合设备 -->
		<Port>
			<!-- SvcTypes中可以有多个SvcType，以分号分隔，下同 -->
			<SvcTypes>PCX</SvcTypes>
			<!-- Serial的Interface Guid为GUID_DEV_COMPORT -->
			<DevClass>Modem</DevClass>
			<!-- 用来在FriendName中匹配的key，将来应修改为包含and和or的条件表达式，下同 -->
			<Key>Alcatel Mobile Phones</Key>
		</Port>
		<Port>
			<!-- SvcTypes中可以有多个SvcType，以分号分隔，下同 -->
			<SvcTypes>PCX</SvcTypes>
			<!-- Serial的Interface Guid为GUID_DEV_COMPORT -->
			<DevClass>Serial</DevClass>
			<!-- 用来在FriendName中匹配的key，将来应修改为包含and和or的条件表达式，下同 -->
			<Key>Alcatel Mobile Phones</Key>
		</Port>
		<Port>
			<!-- SvcTypes中可以有多个SvcType，以分号分隔，下同 -->
			<SvcTypes>PCX</SvcTypes>
			<!-- Serial的Interface Guid为GUID_DEV_COMPORT -->
			<DevClass>Modem</DevClass>
			<!-- 用来在FriendName中匹配的key，将来应修改为包含and和or的条件表达式，下同 -->
			<Key>Alcatel USB Modem Port</Key>
		</Port>
		<Port>
			<!-- SvcTypes中可以有多个SvcType，以分号分隔，下同 -->
			<SvcTypes>PCX</SvcTypes>
			<!-- Serial的Interface Guid为GUID_DEV_COMPORT -->
			<DevClass>Serial</DevClass>
			<!-- 用来在FriendName中匹配的key，将来应修改为包含and和or的条件表达式，下同 -->
			<Key>Alcatel USB Modem Port</Key>
		</Port>
		<!-- 可以给多个<Plug></Plug>，下同 -->
		<Plug>GmMtk.plug</Plug>
	</Usb>
	<!-- MTK -->
	<Usb Desc="MTK Mobile">
		<Vid>0E8D</Vid>
		<!-- 要么给<PidAny/>，要么给一个或多个<Pid></Pid> -->
		<PidAny/>
		<Port>
			<!-- SvcTypes中可以有多个SvcType，以分号分隔，下同 -->
			<SvcTypes>PCX</SvcTypes>
			<!-- Serial的Interface Guid为GUID_DEV_COMPORT -->
			<DevClass>Serial</DevClass>
			<!-- 用来在FriendName中匹配的key，将来应修改为包含and和or的条件表达式，下同 -->
			<Key>USB Modem Driver</Key>
			<Key>MTK USB Port</Key>
			<Key>MTK USB Modem Port</Key>
		</Port>
		<!-- 可以给多个<Plug></Plug>，下同 -->
		<Plug>GmMtk.plug</Plug>
	</Usb>
</MsInfo>
