<?xml version='1.1' encoding='iso-8859-1' ?>

<usbDownloader>
  <!-- creating partition table command -->
  <command name="Flash All Image by Fastboot" globle="-wp -fb">
  	
    <partInfo>
      <name>oeminfo</name>
      <file></file>
      <length></length>
      <attribute>w</attribute>
      <address></address>
    </partInfo>	
    <partInfo>
      <name>umts-cal</name>
      <file></file>
      <length></length>
      <attribute>w</attribute>
      <address></address>
    </partInfo>
    <partInfo>
      <name>sys-parm-dep</name>
      <file></file>
      <length></length>
      <attribute>w</attribute>
      <address></address>
    </partInfo>
    <partInfo>
      <name>gpt</name>
      <file></file>
      <length></length>
      <attribute>w</attribute>
      <address></address>
    </partInfo>
    <partInfo>
      <name>abi</name>
      <file></file>
      <length></length>
      <attribute>w</attribute>
      <address></address>
    </partInfo>
    <partInfo>
      <name>vc-firmware</name>
      <file></file>
      <length></length>
      <attribute>w</attribute>
      <address></address>
    </partInfo>
    <partInfo>
      <name>fbi</name>
      <file></file>
      <length></length>
      <attribute>w</attribute>
      <address></address>
    </partInfo>
    <partInfo>
      <name>abi-ext</name>
      <file></file>
      <length></length>
      <attribute>w</attribute>
      <address></address>
    </partInfo>
    <partInfo>
      <name>loader</name>
      <file></file>
      <length></length>
      <attribute>w</attribute>
      <address></address>
    </partInfo>
    <partInfo>
      <name>cp-boot</name>
      <file></file>
      <length></length>
      <attribute>w</attribute>
      <address></address>
    </partInfo>
    <partInfo>
      <name>cp-image</name>
      <file></file>
      <length></length>
      <attribute>w</attribute>
      <address></address>
    </partInfo>
    <partInfo>
      <name>dsp-dram</name>
      <file></file>
      <length></length>
      <attribute>w</attribute>
      <address></address>
    </partInfo>
    <partInfo>
      <name>dsp-pram</name>
      <file></file>
      <length></length>
      <attribute>w</attribute>
      <address></address>
    </partInfo>
    <partInfo>
      <name>abi-sec</name>
      <file></file>
      <length></length>
      <attribute>w</attribute>
      <address></address>
    </partInfo>
    <partInfo>
      <name>sys-parm-ind</name>
      <file></file>
      <length></length>
      <attribute>w</attribute>
      <address></address>
    </partInfo>
    <partInfo>
      <name>parm-spml-ind</name>
      <file></file>
      <length></length>
      <attribute>w</attribute>
      <address></address>
    </partInfo>
    <partInfo>
      <name>parm-spml-dep</name>
      <file></file>
      <length></length>
      <attribute>w</attribute>
      <address></address>
    </partInfo>
    <partInfo>
      <name>mobile_info</name>
      <file></file>
      <length></length>
      <attribute>w</attribute>
      <address></address>
    </partInfo>
    <partInfo>
      <name>u-boot</name>
      <file></file>
      <length></length>
      <attribute>w</attribute>
      <address></address>
    </partInfo>
    <partInfo>
      <name>system</name>
      <file></file>
      <length></length>
      <attribute>w</attribute>
      <address></address>
    </partInfo>
    <partInfo>
      <name>hwconf</name>
      <file></file>
      <length></length>
      <attribute>w</attribute>
      <address></address>
    </partInfo>
    <partInfo>
      <name>cache</name>
      <file></file>
      <length></length>
      <attribute>w</attribute>
      <address></address>
    </partInfo>
    <partInfo>
      <name>dt-blob</name>
      <file></file>
      <length></length>
      <attribute>w</attribute>
      <address></address>
    </partInfo>
    <partInfo>
      <name>boot</name>
      <file></file>
      <length></length>
      <attribute>w</attribute>
      <address></address>
    </partInfo>
    <partInfo>
      <name>kernel</name>
      <file></file>
      <length></length>
      <attribute>w</attribute>
      <address></address>
    </partInfo>
    <partInfo>
      <name>ramdisk-recovery</name>
      <file></file>
      <length></length>
      <attribute>w</attribute>
      <address></address>
    </partInfo>
    <partInfo>
      <name>recovery</name>
      <file></file>
      <length></length>
      <attribute>w</attribute>
      <address></address>
    </partInfo>
    <partInfo>
      <name>kernel-recovery</name>
      <file></file>
      <length></length>
      <attribute>w</attribute>
      <address></address>
    </partInfo>
    <partInfo>
      <name>devinfo</name>
      <file></file>
      <length></length>
      <attribute>w</attribute>
      <address></address>
    </partInfo>
    <partInfo>
      <name>appinfo</name>
      <file></file>
      <length></length>
      <attribute>w</attribute>
      <address></address>
    </partInfo>
    <partInfo>
      <name>ramdisk</name>
      <file></file>
      <length></length>
      <attribute>w</attribute>
      <address></address>
    </partInfo>
    <partInfo>
      <name>ramdisk-broadcom</name>
      <file></file>
      <length></length>
      <attribute>w</attribute>
      <address></address>
    </partInfo>
     <partInfo>
      <name>userdata</name>
      <file></file>
      <length></length>
      <attribute>w</attribute>
      <address></address>
    </partInfo>
     <partInfo>
      <name>rpmb_key</name>
      <file></file>
      <length></length>
      <attribute>w</attribute>
      <address></address>
    </partInfo>
    <partInfo>
      <name>kernel-dtb</name>
      <file></file>
      <length></length>
      <attribute>w</attribute>
      <address></address>
    </partInfo>
        <partInfo>
      <name>ubootlogo</name>
      <file></file>
      <length></length>
      <attribute>w</attribute>
      <address></address>
    </partInfo>
    <partInfo>
      <name>sdcard</name>
      <file></file>
      <length></length>
      <attribute>w</attribute>
      <address></address>
    </partInfo>
    <partInfo>
      <name>rpmb_ckdata</name>
      <file></file>
      <length></length>
      <attribute>w</attribute>
      <address></address>
    </partInfo>
    <partInfo>
      <name>rpmb_oemkey</name>
      <file></file>
      <length></length>
      <attribute>w</attribute>
      <address></address>
    </partInfo>
    <partInfo>
      <name>rpmb_imei</name>
      <file></file>
      <length></length>
      <attribute>w</attribute>
      <address></address>
    </partInfo>
    <partInfo>
      <name>InnerSD</name>
      <file></file>
      <length></length>
      <attribute>w</attribute>
      <address></address>
    </partInfo>
    <partInfo>
      <name>u-boot-env</name>
      <file></file>
      <length></length>
      <attribute>w</attribute>
      <address></address>
    </partInfo>
  </command>
</usbDownloader>
