<?xml version="1.0" encoding="UTF-8"?>
<!-- edited with XML Spy v4.2 U (http://www.xmlspy.com) by XDZXG (MySue) -->
<DOCUMENT>
	<!--文档基本信息-->
	<DOCUMENT>
		<Description>Config for "801-DataCard"</Description>
		<Version>1.0.0</Version>
		<Copyright>Mobtime</Copyright>
		<Author>cns_yumingxing</Author>
		<DateCreated>2008.11.24</DateCreated>
		<Manufacturer>Mobtime</Manufacturer>
		<DefaultLanguage>English</DefaultLanguage>
		<ModelClass/>
		<ParentModelClass/>
		<CompatibleModels/>
	</DOCUMENT>
	<!--型号支持信息配置(语言无关)-->
	<MODELCONFIG>
		<Boolean Name="IsAllowWriteInbox" Value="false"/>
		<Boolean Name="IsAllowSaveSmsToSim" Value="true"/>
		<Boolean Name="IsRootFldReadOnly" Value="false"/>
		<Boolean Name="IsAddressBigFirst" Value="false"/>
		<Boolean Name="IsMmsSupportCC" Value="true"/>
		<String Name="" Value=""/>
	</MODELCONFIG>
</DOCUMENT>
