﻿<?xml version="1.0" encoding="UTF-8"?>
<DOCUMENT>
	<!--文档基本信息-->
	<DOCUMENT>
		<Description>Config for "801-DataCard"</Description>
		<Version>1.0.0</Version>
		<Copyright>Mobtime</Copyright>
		<Author>zhouming</Author>
		<DateCreated>2008.12.03</DateCreated>
		<Manufacturer>Mobtime</Manufacturer>
		<DefaultLanguage>English</DefaultLanguage>
	</DOCUMENT>
	<!--语言无关的项目-->
	<PUBLIC>
		<String Name="OemManuName" Value="Alcatel"/>
		<String Name="SoftVer" Value="V7.0.56"/>
		<String Name="OemModelName" Value="OT-806 806A"/>
		<String Name="DunDefName" Value="Alcatel Connection"/>
		<String Name="BackupExcludeFld" Value="\Memory card\,\mms\Templates\,\@mms\Templates\"/>
		<String Name="AddressSeparator" Value=","/>	
		<Boolean Name="IsNeedMms" Value="true"/>		
		<Boolean Name="IsNeedAudioEdit" Value="true"/>		
		<Boolean Name="IsNeedVideoEdit" Value="true"/>
		<Boolean Name="IsNeedCdRipper" Value="true"/>
		<Boolean Name="IsNeedPlatReg" Value="true"/>
		<Boolean Name="IsNeedBtConn" Value="false"/>		
		<Boolean Name="IsNeedWifiConn" Value="false"/>
		<Boolean Name="DefaultHideCal" Value="true"/>
		<Boolean Name="IsShowBattery" Value="false"/>
		<Boolean Name="IsNeedSmsUCS2ToGSMAsTA" Value="true"/>
		<Boolean Name="IsNeedBackupFile" Value="true"/>
	</PUBLIC>	
	<MULTILANG>
		<SoftName>
			<DATA Language="English" Value="Alcatel PC Suite"/>
		</SoftName>
		<MobDialName>
			<DATA Language="English" Value="Alcatel Data Connection"/>
			<DATA Language="Chinese(Simplified)" Value="拨号上网"/>
			<DATA Language="Chinese(Traditional)" Value="撥號上網"/>
			<DATA Language="Spanish" Value="Conexión de Datos Alcatel"/>
		</MobDialName>
		<Copyright>
			<DATA Language="English" Value="Copyright ©2011 Chengdu Singularity Software Co., Ltd. All rights reserved."/>
			<DATA Language="Chinese(Simplified)" Value="版权所有 ©2011 成都市奇点软件有限公司"/>
			<DATA Language="Chinese(Traditional)" Value="版權所有 ©2011 成都市奇點軟體有限公司"/>
		</Copyright>		
		<HomePage>
			<DATA Language="English" Value="http://www.alcatelonetouch.com"/>
		</HomePage>
		<OemUrl>
			<DATA Language="English" Value="http://www.alcatelonetouch.com"/>
		</OemUrl>
		<UpgradePage>
			<DATA Language="English" Value="http://www.alcatelonetouch.com"/>
		</UpgradePage>
	</MULTILANG>
	<UILAYOUT>		
		<!--Params格式:"[Left=][,Top=][,Color=][,FontSize=][,FontName=]"-->
				
		<Label Name="AboutSoftNameAtrr" Params="Left=15,Top=45,Color=0,FontName=Arial,FontSize=16"/>
		<Label Name="AboutOemURLAtrr" Params="Left=15,Top=150,Color=0,FontName=Arial,FontSize=9"/>
		<Label Name="AboutURLAtrr" Params="Left=15,Top=170,Color=0,FontName=Arial,FontSize=9"/>
		<Label Name="AboutCopyrightAtrr" Params="Left=15,Top=194,Color=0,FontName=Arial,FontSize=9"/>
	</UILAYOUT>
</DOCUMENT>
