<?xml version="1.0" encoding="UTF-8"?>
<!-- edited with XML Spy v4.2 U (http://www.xmlspy.com) by XDZXG (MySue) -->
<DOCUMENT>
	<!--文档基本信息-->
	<DOCUMENT>
		<Description>Config for "301-4G"</Description>
		<Version>1.0.0</Version>
		<Copyright>Mobtime</Copyright>
		<Author>zhouming</Author>
		<DateCreated>2010.09.01</DateCreated>
		<Manufacturer>Mobtime</Manufacturer>
		<DefaultLanguage>English</DefaultLanguage>
	</DOCUMENT>
	<!--语言无关的项目-->
	<PUBLIC>
		<String Name="OemManuName" Value=""/>
		<String Name="SoftVer" Value="V7.0.0"/>
		<String Name="DefaultModel" Value=""/>		
		<String Name="TelMatchLen" Value="7"/>
		<String Name="ProjectName" Value=""/>
		<String Name="BackupExcludeFld" Value=""/>
		<String Name="DunDevNameHint" Value=""/>
		<String Name="DunDefName" Value="Mobtime Connection"/>	
		<String Name="DunDefNetOpId" Value=""/>	
		<String Name="DunDefCountry" Value=""/>
		<String Name="DunQosUp" Value="64,128,384"/>
		<String Name="DunQosDown" Value="64,128,384"/>
		<String Name="DunDefQos" Value="64/128"/>
		<String Name="CustomAniSize" Value=""/>
		<String Name="AddressSeparator" Value=""/>
		<String Name="ShowDevName" Value=""/>
		
		<Boolean Name="IsNeedUsbConn" Value="true"/>		
		<Boolean Name="IsNeedBtConn" Value="true"/>
		<Boolean Name="IsNeedWifiConn" Value="true"/>
		<Boolean Name="IsNeedSms" Value="true"/>
		<Boolean Name="IsNeedPb" Value="true"/>
		<Boolean Name="IsNeedSync" Value="true"/>
		<Boolean Name="IsNeedFile" Value="true"/>
		<Boolean Name="IsNeedCal" Value="true"/>
		<Boolean Name="IsNeedMms" Value="false"/>		
		<Boolean Name="IsNeedDialNet" Value="true"/>
		<Boolean Name="IsNeedUpdate" Value="false"/>
		<Boolean Name="IsNeedPicEdit" Value="true"/>
		<Boolean Name="IsNeedAnimEdit" Value="true"/>
		<Boolean Name="IsNeedBackup" Value="true"/>
		<Boolean Name="IsNeedSoftMng" Value="false"/>
		<Boolean Name="IsNeedCdRipper" Value="false"/>
		<Boolean Name="IsNeedAudioEdit" Value="false"/>		
		<Boolean Name="IsNeedVideoEdit" Value="false"/>
		<Boolean Name="IsNeedSmsSend" Value="true"/>
		<Boolean Name="IsShowBattery" Value="true"/>
		<Boolean Name="IsNeedPlatReg" Value="false"/>
		<Boolean Name="DefaultHideCal" Value="false"/>		
		<Boolean Name="DelMsNodeOnDisconnect" Value="true"/>	
		<Boolean Name="AllowOperateOnDisconnect" Value="false"/>		
		<Boolean Name="IsNeedSmsUCS2ToGSMAsTA" Value="false"/>
		<Boolean Name="IsNeedPisCalMng" Value="false"/>
		<Boolean Name="IsNeedBackupFile" Value="false"/>
		<Boolean Name="IsNeedCall" Value="false"/>
		<Boolean Name="IsNeedVideo" Value="true"/>		
	</PUBLIC>
	<!--语言相关的项目-->
	<MULTILANG>
		<SoftName>
			<DATA Language="English" Value="Mobtime Cell Phone Manager"/>
			<DATA Language="Chinese(Simplified)" Value="玩转手机"/>
			<DATA Language="Chinese(Traditional)" Value="玩轉手機"/>
		</SoftName>
		<MobDialName>
			<DATA Language="English" Value="Mobtime Data Connection"/>
			<DATA Language="Chinese(Simplified)" Value="拨号上网"/>
			<DATA Language="Chinese(Traditional)" Value="撥號上網"/>
		</MobDialName>
		<AboutUrl>
			<DATA Language="English" Value="http://www.mobtime.com"/>
			<DATA Language="Chinese(Simplified)" Value="http://www.qidiankeji.com"/>
		</AboutUrl>
		<OemUrl>
			<DATA Language="English" Value=""/>
		</OemUrl>
		<Copyright>
			<DATA Language="English" Value="Copyright ©2011 Chengdu Singularity Software Co.,Ltd. All Rights Reserved."/>
			<DATA Language="Chinese(Simplified)" Value="版权所有 ©2011 成都市奇点软件有限公司"/>
			<DATA Language="Chinese(Traditional)" Value="版權所有 ©2011 成都市奇點軟件有限公司"/>
		</Copyright>
		<HomePage>
			<DATA Language="English" Value="http://www.mobtime.com"/>
			<DATA Language="Chinese(Simplified)" Value="http://www.qidiankeji.com"/>
		</HomePage>
		<UpgradePage>
			<DATA Language="English" Value=""/>
		</UpgradePage>
		<AutoPopUrl>
			<DATA Language="English" Value=""/>
		</AutoPopUrl>
	</MULTILANG>
	<UILAYOUT>
		<!--Params格式:"[Left=][,Top=][,Color=][,FontSize=][,FontName=]"-->
		<Image Name="MainSoftLogo" Params="Top=30,Left=53"/>
		<Image Name="MainOemLogo" Params="Top=23,Left=472"/>
		
		<Label Name="AboutSoftNameAtrr" Params=""/>		
		<Label Name="AboutURLAtrr" Params=""/>
		<Label Name="AboutOemURLAtrr" Params=""/>
		<Label Name="AboutCopyrightAtrr" Params=""/>
	</UILAYOUT>
</DOCUMENT>
